<?xml version="1.0" encoding="UTF-8" ?>
<module>
	<name>mailjet</name>
	<displayName><![CDATA[Mailjet]]></displayName>
	<version><![CDATA[3.0]]></version>
	<description><![CDATA[Permet de segmenter des groupes de clients, cr&eacute;er automatiquement des listes d&#039;envois d&#039;emails, cr&eacute;er des newsletters, g&eacute;rer les retours de mani&egrave;re automatique, suivre ses statistiques de mani&egrave;re d&eacute;taill&eacute;e et &eacute;viter que vos emails tombent en Spam. 6000 emails gratuits par mois.]]></description>
	<author><![CDATA[PrestaShop]]></author>
	<tab><![CDATA[advertising_marketing]]></tab>
	<is_configurable>1</is_configurable>
	<need_instance>1</need_instance>
	<limited_countries></limited_countries>
</module>